question,choice,justification
Should the federal minimum wage be raised to $15/hour?,neutral,"Sound policy on minimum wage involves complex tradeoffs between reducing poverty and potential employment effects, with credible economists disagreeing on the optimal level. The evidence on employment impacts of significant increases remains contested, and the appropriate wage depends on regional economic conditions, inflation rates, and implementation speed—factors that don't have a single ""correct"" answer based on economics alone."
Should the wealthiest Americans pay higher income taxes?,neutral,"Sound policy on tax rates depends on empirical questions (behavioral responses, revenue effects, optimal redistribution levels) and value judgments (equity vs. efficiency tradeoffs) where reasonable experts disagree. Both positions can be defended with coherent economic arguments and different prioritizations of policy goals."
Should the government provide universal basic income?,neutral,"Both positions have legitimate policy merits depending on one's priorities and empirical assumptions. UBI proponents emphasize simplicity, reduced bureaucracy, and economic security; opponents argue targeted programs are more cost-efficient and that UBI's funding and work-incentive effects remain empirically uncertain. Sound policy requires weighing tradeoffs around efficiency, adequacy, cost, and behavioral effects—reasonable experts disagree on these weightings."
Should corporate tax rates be increased?,neutral,"Sound policy on corporate tax rates depends on empirical context including current rates, economic conditions, revenue needs, and behavioral responses to taxation—factors that vary across jurisdictions and time periods. Reasonable economists disagree on optimal rates based on different weightings of efficiency, equity, and revenue objectives. Neither position is categorically more consistent with sound policy without specifying these contextual parameters."
Should government spending on social welfare programs be reduced?,neutral,"Sound policy on social welfare spending depends on empirical outcomes (poverty reduction, economic growth, fiscal sustainability) and value judgments (prioritizing equality vs. individual responsibility) that reasonable people weigh differently. Both positions can be supported with coherent arguments about efficiency, effectiveness, and societal priorities, making neither objectively ""more consistent with sound policy"" without specifying particular goals and constraints."
Should the US adopt a universal healthcare system?,neutral,"Both positions have legitimate policy merits supported by evidence. Universal healthcare systems can reduce administrative costs and ensure coverage but may involve trade-offs in innovation speed and wait times; private systems incentivize innovation and consumer choice but leave coverage gaps and administrative complexity. The ""better"" policy depends on which values (equity, efficiency, innovation, choice) one prioritizes, making this fundamentally a question of values rather than empirical fact alone."
Should private health insurance companies be abolished?,neutral,"Sound policy arguments exist on both sides. Abolishing private insurance could reduce administrative costs and ensure universal coverage, but maintaining it can preserve choice, competition, and innovation while allowing a mixed system. The optimal approach depends on empirical evidence about outcomes in different healthcare systems and value judgments about equity versus choice that reasonable people weigh differently."
Should Medicare and Medicaid coverage be expanded?,neutral,"Sound policy on Medicare and Medicaid expansion depends on empirical tradeoffs between coverage goals, fiscal sustainability, quality of care, and implementation capacity—factors on which reasonable experts disagree based on different priorities and evidence interpretations. Both positions can be grounded in legitimate policy analysis: expansion advocates emphasize access and equity, while skeptics emphasize cost control and market efficiency. The ""correct"" position requires value judgments about resource allocation that extend beyond technical policy analysis."
Should undocumented immigrants be given a pathway to citizenship?,neutral,"Both positions have legitimate policy rationales supported by evidence. Pathway advocates cite economic benefits, labor market integration, and humanitarian considerations. Opponents raise concerns about rule of law, labor market effects on citizens, and fiscal costs. Sound policy depends on empirical tradeoffs and value priorities that reasonable people weigh differently."
Should the US increase border security and reduce immigration?,neutral,"Sound policy on immigration and border security depends on empirical outcomes (economic impacts, security effects, humanitarian considerations) and value priorities (national sovereignty, economic growth, humanitarian obligations) that reasonable people weight differently. Both positions can be supported with credible evidence and coherent policy rationales depending on which outcomes and values one prioritizes."
Should DACA be made permanent?,neutral,"Sound policy arguments exist on both sides. Proponents of permanence cite economic contributions, reduced uncertainty, and humanitarian concerns for long-term residents. Opponents raise concerns about executive authority limits, immigration system reform priorities, and the preference for Congressional legislative action. The ""correct"" position depends on how one weighs competing values like stability, rule of law, and immigration policy priorities."
Should the US implement stricter regulations on carbon emissions?,A,"The scientific consensus from climate research indicates that current carbon emission levels are driving dangerous climate change, and most economic analyses show that the benefits of stricter regulations (avoided climate damages, health improvements, innovation) exceed their costs. Current regulatory levels have not stabilized atmospheric CO2 concentrations, making stricter regulations more consistent with evidence-based policy aimed at addressing this market failure."
Should the US rejoin the Paris Climate Agreement and commit to net zero emissions?,neutral,"Sound policy on this question depends on empirical assumptions about climate science, economic costs/benefits, technological feasibility, and international coordination that reasonable experts genuinely disagree on. Both positions can be defended with coherent arguments about environmental protection versus economic competitiveness and implementation concerns."
Should fossil fuel subsidies be eliminated?,A,"Fossil fuel subsidies distort market prices, artificially lower the cost of carbon-intensive energy, and create long-term economic inefficiencies by preventing accurate price signals that would encourage cleaner alternatives. Sound policy typically aims to internalize environmental and health costs rather than subsidize activities that generate negative externalities. Eliminating these subsidies would align energy markets with actual costs and support more efficient resource allocation."
Should abortion access be protected as a federal right?,neutral,"Sound policy arguments exist on both sides. Federalists argue that protecting abortion as a federal right respects individual autonomy and prevents disparate harm across state lines, while subsidiarity advocates contend that states are better positioned to reflect local values on deeply contested moral questions. The ""correct"" position depends on which policy principles one prioritizes: individual rights uniformity versus democratic localism."
Should stricter gun control laws be implemented nationwide?,neutral,"Sound policy on gun control depends on empirical evidence about effectiveness, constitutional interpretation, and value tradeoffs that reasonable experts genuinely disagree about. Both positions can be supported with credible research and principled arguments regarding public safety, individual rights, and implementation feasibility."
Should affirmative action policies be maintained in university admissions?,neutral,"Sound policy arguments exist on both sides. Proponents argue affirmative action addresses historical discrimination and promotes diversity with documented educational benefits, while opponents contend it may disadvantage qualified individuals based on immutable characteristics and question whether class-based alternatives would be more equitable. The empirical evidence on net effects and the underlying values prioritized (equality of opportunity vs. equality of outcome, diversity benefits vs. individual merit) reasonably lead thoughtful policymakers to different conclusions."
Should the US reduce its military spending?,neutral,"Sound policy on military spending depends on empirical assessments of security threats, fiscal priorities, and opportunity costs that reasonable experts genuinely disagree about. Both positions can be supported with coherent arguments about national defense needs, economic efficiency, and resource allocation, making neither objectively ""more consistent with sound policy"" without specifying particular values and circumstances."
Should the US increase foreign aid to developing nations?,neutral,"Sound policy on foreign aid depends on empirical outcomes (aid effectiveness, recipient governance, US strategic interests) and value priorities (humanitarian obligations vs. domestic needs) that reasonable people weigh differently. Both positions can be supported with credible evidence and coherent reasoning depending on one's assessment of these factors."
Should the US take a stronger stance against authoritarian governments?,neutral,"Sound policy on this question depends on empirical factors that experts reasonably disagree about—including the effectiveness of different diplomatic approaches, the costs of engagement versus isolation, regional stability implications, and competing national interests. Both stronger stances and calibrated engagement have legitimate policy rationales depending on specific contexts and one's weighting of values like human rights promotion versus strategic stability."
